INSERT INTO Product_Family (Family_ID, Name) VALUES ('125', 'Pro Line pots');
INSERT INTO Product_Family (Family_ID, Name) VALUES ('130', 'La Belle pots');
INSERT INTO Product_Family (Family_ID, Name) VALUES ('132', 'Pro Line pans');
INSERT INTO Product_Family (Family_ID, Name) VALUES ('145', 'Pro Line lids');
INSERT INTO Product_Family (Family_ID, Name) VALUES ('146', 'Pro Clear lids');

INSERT INTO Product (Product_ID, Name, Description, Product_FamilyFamily_ID) VALUES ('AS12945T22', 'La Belle 22 5l pot', '5l 22 cm aluminium and teflon non stick pot', '130');
INSERT INTO Product (Product_ID, Name, Description, Product_FamilyFamily_ID) VALUES ('AS12945S22', 'Pro 22 5l pot', '5l 22 cm stainless steel pot', '125');
INSERT INTO Product (Product_ID, Name, Description, Product_FamilyFamily_ID) VALUES ('AS12945S20', 'Pro 20 3l pot', '3l 20 cm stainless steel pot', '125');
INSERT INTO Product (Product_ID, Name, Description, Product_FamilyFamily_ID) VALUES ('AS12945S17', 'Pro 17 2l pot', '2l 17 cm stainless steel pot', '125');
INSERT INTO Product (Product_ID, Name, Description, Product_FamilyFamily_ID) VALUES ('AS12945P17', 'Pro 17 2l sauce pan', '2l 17 cm stainless steel souce pan', '132');
INSERT INTO Product (Product_ID, Name, Description, Product_FamilyFamily_ID) VALUES ('AS12945S48', 'Pro 17 lid', '17 cm stainless steel lid', '145');
INSERT INTO Product (Product_ID, Name, Description, Product_FamilyFamily_ID) VALUES ('AS12945G48', 'Pro Clear 17 lid', '17 cm glass lid', '146');

INSERT INTO Costumer (VAT, Name, Address, "Zip-Code", City, Country, Email, Phone) VALUES ('PT501245987', 'Carvalho & Carvalho, Lda', 'Tv. Augusto Lessa 23', '4200-047', 'Porto', 'Portugal', 'idont@care.com', '003518340500');
INSERT INTO Costumer (VAT, Name, Address, "Zip-Code", City, Country, Email, Phone) VALUES ('PT501245488', 'Tudo para a casa, Lda', 'R. Dr. Barros 93', '4465-219', 'São Mamede de Infesta', 'Portugal', 'me@neither.com', '003518340500');
INSERT INTO Costumer (VAT, Name, Address, "Zip-Code", City, Country, Email, Phone) VALUES ('PT501242417', 'Sair de Cena', 'EDIFICIO CRISTAL lj18, R. António Correia de Carvalho 88', '4400-023', 'Vila Nova de Gaia', 'Portugal', 'some@email.com', '003518340500');
INSERT INTO Costumer (VAT, Name, Address, "Zip-Code", City, Country, Email, Phone) VALUES ('CZ6451237810', 'U Fleku', 'Křemencova 11', '110 00', 'Nové Město', 'Czechia', 'some.random@email.cz', '004201234567');

INSERT INTO "Order" (Order_ID, OrderDate, DeliveryDate, CostumerVAT) VALUES ('1', TO_DATE('2024-09-15', 'YYYY-MM-DD'), TO_DATE('2024-09-23', 'YYYY-MM-DD'), 'PT501245488');
INSERT INTO "Order" (Order_ID, OrderDate, DeliveryDate, CostumerVAT) VALUES ('1', TO_DATE('2024-09-15', 'YYYY-MM-DD'), TO_DATE('2024-09-23', 'YYYY-MM-DD'), 'PT501245488');
INSERT INTO "Order" (Order_ID, OrderDate, DeliveryDate, CostumerVAT) VALUES ('2', TO_DATE('2024-09-15', 'YYYY-MM-DD'), TO_DATE('2024-09-26', 'YYYY-MM-DD'), 'PT501242417');
INSERT INTO "Order" (Order_ID, OrderDate, DeliveryDate, CostumerVAT) VALUES ('2', TO_DATE('2024-09-15', 'YYYY-MM-DD'), TO_DATE('2024-09-26', 'YYYY-MM-DD'), 'PT501242417');
INSERT INTO "Order" (Order_ID, OrderDate, DeliveryDate, CostumerVAT) VALUES ('3', TO_DATE('2024-09-15', 'YYYY-MM-DD'), TO_DATE('2024-09-25', 'YYYY-MM-DD'), 'CZ6451237810');
INSERT INTO "Order" (Order_ID, OrderDate, DeliveryDate, CostumerVAT) VALUES ('3', TO_DATE('2024-09-15', 'YYYY-MM-DD'), TO_DATE('2024-09-25', 'YYYY-MM-DD'), 'CZ6451237810');
INSERT INTO "Order" (Order_ID, OrderDate, DeliveryDate, CostumerVAT) VALUES ('4', TO_DATE('2024-09-18', 'YYYY-MM-DD'), TO_DATE('2024-09-25', 'YYYY-MM-DD'), 'PT501245488');
INSERT INTO "Order" (Order_ID, OrderDate, DeliveryDate, CostumerVAT) VALUES ('4', TO_DATE('2024-09-18', 'YYYY-MM-DD'), TO_DATE('2024-09-25', 'YYYY-MM-DD'), 'PT501245488');
INSERT INTO "Order" (Order_ID, OrderDate, DeliveryDate, CostumerVAT) VALUES ('4', TO_DATE('2024-09-18', 'YYYY-MM-DD'), TO_DATE('2024-09-25', 'YYYY-MM-DD'), 'PT501245488');
INSERT INTO "Order" (Order_ID, OrderDate, DeliveryDate, CostumerVAT) VALUES ('5', TO_DATE('2024-09-18', 'YYYY-MM-DD'), TO_DATE('2024-09-25', 'YYYY-MM-DD'), 'PT501242417');
INSERT INTO "Order" (Order_ID, OrderDate, DeliveryDate, CostumerVAT) VALUES ('6', TO_DATE('2024-09-18', 'YYYY-MM-DD'), TO_DATE('2024-09-26', 'YYYY-MM-DD'), 'CZ6451237810');
INSERT INTO "Order" (Order_ID, OrderDate, DeliveryDate, CostumerVAT) VALUES ('6', TO_DATE('2024-09-18', 'YYYY-MM-DD'), TO_DATE('2024-09-26', 'YYYY-MM-DD'), 'CZ6451237810');
INSERT INTO "Order" (Order_ID, OrderDate, DeliveryDate, CostumerVAT) VALUES ('7', TO_DATE('2024-09-21', 'YYYY-MM-DD'), TO_DATE('2024-09-26', 'YYYY-MM-DD'), 'PT501245987');

INSERT INTO Production_Order (ProductProduct_ID, OrderOrder_ID, quantity) VALUES ('AS12945S22', '1', 5);
INSERT INTO Production_Order (ProductProduct_ID, OrderOrder_ID, quantity) VALUES ('AS12945S20', '1', 15);
INSERT INTO Production_Order (ProductProduct_ID, OrderOrder_ID, quantity) VALUES ('AS12945S22', '2', 10);
INSERT INTO Production_Order (ProductProduct_ID, OrderOrder_ID, quantity) VALUES ('AS12945P17', '2', 20);
INSERT INTO Production_Order (ProductProduct_ID, OrderOrder_ID, quantity) VALUES ('AS12945S22', '3', 10);
INSERT INTO Production_Order (ProductProduct_ID, OrderOrder_ID, quantity) VALUES ('AS12945S20', '3', 10);
INSERT INTO Production_Order (ProductProduct_ID, OrderOrder_ID, quantity) VALUES ('AS12945S20', '4', 24);
INSERT INTO Production_Order (ProductProduct_ID, OrderOrder_ID, quantity) VALUES ('AS12945S22', '4', 16);
INSERT INTO Production_Order (ProductProduct_ID, OrderOrder_ID, quantity) VALUES ('AS12945S17', '4', 8);
INSERT INTO Production_Order (ProductProduct_ID, OrderOrder_ID, quantity) VALUES ('AS12945S22', '5', 12);
INSERT INTO Production_Order (ProductProduct_ID, OrderOrder_ID, quantity) VALUES ('AS12945S17', '6', 8);
INSERT INTO Production_Order (ProductProduct_ID, OrderOrder_ID, quantity) VALUES ('AS12945P17', '6', 16);
INSERT INTO Production_Order (ProductProduct_ID, OrderOrder_ID, quantity) VALUES ('AS12945S22', '7', 8);

INSERT INTO BOO_Operation (BOOOperation_Sequence, Product_FamilyFamily_ID, OperationOperation_ID) VALUES (1, '125', '5647');
INSERT INTO BOO_Operation (BOOOperation_Sequence, Product_FamilyFamily_ID, OperationOperation_ID) VALUES (2, '125', '5647');
INSERT INTO BOO_Operation (BOOOperation_Sequence, Product_FamilyFamily_ID, OperationOperation_ID) VALUES (3, '125', '5649');
INSERT INTO BOO_Operation (BOOOperation_Sequence, Product_FamilyFamily_ID, OperationOperation_ID) VALUES (4, '125', '5651');
INSERT INTO BOO_Operation (BOOOperation_Sequence, Product_FamilyFamily_ID, OperationOperation_ID) VALUES (5, '125', '5653');
INSERT INTO BOO_Operation (BOOOperation_Sequence, Product_FamilyFamily_ID, OperationOperation_ID) VALUES (6, '125', '5659');
INSERT INTO BOO_Operation (BOOOperation_Sequence, Product_FamilyFamily_ID, OperationOperation_ID) VALUES (7, '125', '5669');
INSERT INTO BOO_Operation (BOOOperation_Sequence, Product_FamilyFamily_ID, OperationOperation_ID) VALUES (8, '125', '5655');
INSERT INTO BOO_Operation (BOOOperation_Sequence, Product_FamilyFamily_ID, OperationOperation_ID) VALUES (9, '125', '5657');
INSERT INTO BOO_Operation (BOOOperation_Sequence, Product_FamilyFamily_ID, OperationOperation_ID) VALUES (10, '125', '5661');
INSERT INTO BOO_Operation (BOOOperation_Sequence, Product_FamilyFamily_ID, OperationOperation_ID) VALUES (11, '125', '5667');
INSERT INTO BOO_Operation (BOOOperation_Sequence, Product_FamilyFamily_ID, OperationOperation_ID) VALUES (12, '125', '5663');
INSERT INTO BOO_Operation (BOOOperation_Sequence, Product_FamilyFamily_ID, OperationOperation_ID) VALUES (1, '132', '5681');
INSERT INTO BOO_Operation (BOOOperation_Sequence, Product_FamilyFamily_ID, OperationOperation_ID) VALUES (2, '132', '5682');
INSERT INTO BOO_Operation (BOOOperation_Sequence, Product_FamilyFamily_ID, OperationOperation_ID) VALUES (3, '132', '5683');
INSERT INTO BOO_Operation (BOOOperation_Sequence, Product_FamilyFamily_ID, OperationOperation_ID) VALUES (4, '132', '5665');
INSERT INTO BOO_Operation (BOOOperation_Sequence, Product_FamilyFamily_ID, OperationOperation_ID) VALUES (5, '132', '5688');

INSERT INTO Part (Part_ID, Description) VALUES ('PN12344A21', 'Screw M6 35 mm');
INSERT INTO Part (Part_ID, Description) VALUES ('PN52384R50', '300x300 mm 5mm stainless steel sheet');
INSERT INTO Part (Part_ID, Description) VALUES ('PN52384R10', '300x300 mm 1mm stainless steel sheet');
INSERT INTO Part (Part_ID, Description) VALUES ('PN18544A21', 'Rivet 6 mm');
INSERT INTO Part (Part_ID, Description) VALUES ('PN18544C21', 'Stainless steel handle model U6');
INSERT INTO Part (Part_ID, Description) VALUES ('PN18324C54', 'Stainless steel handle model R12');
INSERT INTO Part (Part_ID, Description) VALUES ('PN12344A21', 'Screw M6 35 mm');
INSERT INTO Part (Part_ID, Description) VALUES ('PN52384R50', '300x300 mm 5mm stainless steel sheet');
INSERT INTO Part (Part_ID, Description) VALUES ('PN52384R10', '300x300 mm 1mm stainless steel sheet');
INSERT INTO Part (Part_ID, Description) VALUES ('PN18544A21', 'Rivet 6 mm');
INSERT INTO Part (Part_ID, Description) VALUES ('PN18544C21', 'Stainless steel handle model U6');
INSERT INTO Part (Part_ID, Description) VALUES ('PN18324C51', 'Stainless steel handle model R11');
INSERT INTO Part (Part_ID, Description) VALUES ('PN12344A21', 'Screw M6 35 mm');
INSERT INTO Part (Part_ID, Description) VALUES ('PN52384R45', '250x250 mm 5mm stainless steel sheet');
INSERT INTO Part (Part_ID, Description) VALUES ('PN52384R12', '250x250 mm 1mm stainless steel sheet');
INSERT INTO Part (Part_ID, Description) VALUES ('PN18544A21', 'Rivet 6 mm');
INSERT INTO Part (Part_ID, Description) VALUES ('PN18544C21', 'Stainless steel handle model U6');
INSERT INTO Part (Part_ID, Description) VALUES ('PN18324C51', 'Stainless steel handle model R11');
INSERT INTO Part (Part_ID, Description) VALUES ('PN52384R45', '250x250 mm 5mm stainless steel sheet');
INSERT INTO Part (Part_ID, Description) VALUES ('PN18324C91', 'Stainless steel handle model S26');

INSERT INTO Product_Part (ProductProduct_ID, PartPart_ID, Quantity) VALUES ('AS12945S22', 'PN12344A21', 1);
INSERT INTO Product_Part (ProductProduct_ID, PartPart_ID, Quantity) VALUES ('AS12945S22', 'PN52384R50', 1);
INSERT INTO Product_Part (ProductProduct_ID, PartPart_ID, Quantity) VALUES ('AS12945S22', 'PN52384R10', 1);
INSERT INTO Product_Part (ProductProduct_ID, PartPart_ID, Quantity) VALUES ('AS12945S22', 'PN18544A21', 4);
INSERT INTO Product_Part (ProductProduct_ID, PartPart_ID, Quantity) VALUES ('AS12945S22', 'PN18544C21', 2);
INSERT INTO Product_Part (ProductProduct_ID, PartPart_ID, Quantity) VALUES ('AS12945S22', 'PN18324C54', 1);
INSERT INTO Product_Part (ProductProduct_ID, PartPart_ID, Quantity) VALUES ('AS12945S20', 'PN12344A21', 1);
INSERT INTO Product_Part (ProductProduct_ID, PartPart_ID, Quantity) VALUES ('AS12945S20', 'PN52384R50', 1);
INSERT INTO Product_Part (ProductProduct_ID, PartPart_ID, Quantity) VALUES ('AS12945S20', 'PN52384R10', 1);
INSERT INTO Product_Part (ProductProduct_ID, PartPart_ID, Quantity) VALUES ('AS12945S20', 'PN18544A21', 4);
INSERT INTO Product_Part (ProductProduct_ID, PartPart_ID, Quantity) VALUES ('AS12945S20', 'PN18544C21', 2);
INSERT INTO Product_Part (ProductProduct_ID, PartPart_ID, Quantity) VALUES ('AS12945S20', 'PN18324C51', 1);
INSERT INTO Product_Part (ProductProduct_ID, PartPart_ID, Quantity) VALUES ('AS12945S17', 'PN12344A21', 1);
INSERT INTO Product_Part (ProductProduct_ID, PartPart_ID, Quantity) VALUES ('AS12945S17', 'PN52384R45', 1);
INSERT INTO Product_Part (ProductProduct_ID, PartPart_ID, Quantity) VALUES ('AS12945S17', 'PN52384R12', 1);
INSERT INTO Product_Part (ProductProduct_ID, PartPart_ID, Quantity) VALUES ('AS12945S17', 'PN18544A21', 4);
INSERT INTO Product_Part (ProductProduct_ID, PartPart_ID, Quantity) VALUES ('AS12945S17', 'PN18544C21', 2);
INSERT INTO Product_Part (ProductProduct_ID, PartPart_ID, Quantity) VALUES ('AS12945S17', 'PN18324C51', 1);
INSERT INTO Product_Part (ProductProduct_ID, PartPart_ID, Quantity) VALUES ('AS12945P17', 'PN52384R45', 1);
INSERT INTO Product_Part (ProductProduct_ID, PartPart_ID, Quantity) VALUES ('AS12945P17', 'PN18324C91', 1);

INSERT INTO Type_Workstation (WorkstationType_ID, Designation) VALUES ('A4578', '600t cold forging stamping press');
INSERT INTO Type_Workstation (WorkstationType_ID, Designation) VALUES ('A4588', '600t cold forging precision stamping press');
INSERT INTO Type_Workstation (WorkstationType_ID, Designation) VALUES ('A4598', '1000t cold forging precision stamping press');
INSERT INTO Type_Workstation (WorkstationType_ID, Designation) VALUES ('S3271', 'Handle rivet');
INSERT INTO Type_Workstation (WorkstationType_ID, Designation) VALUES ('K3675', 'Packaging');
INSERT INTO Type_Workstation (WorkstationType_ID, Designation) VALUES ('K3676', 'Packaging for large itens');
INSERT INTO Type_Workstation (WorkstationType_ID, Designation) VALUES ('C5637', 'Border trimming');
INSERT INTO Type_Workstation (WorkstationType_ID, Designation) VALUES ('D9123', 'Spot welding');
INSERT INTO Type_Workstation (WorkstationType_ID, Designation) VALUES ('Q5478', 'Teflon application station');
INSERT INTO Type_Workstation (WorkstationType_ID, Designation) VALUES ('Q3547', 'Stainless steel polishing');
INSERT INTO Type_Workstation (WorkstationType_ID, Designation) VALUES ('T3452', 'Assembly T1');
INSERT INTO Type_Workstation (WorkstationType_ID, Designation) VALUES ('G9273', 'Circular glass cutting');
INSERT INTO Type_Workstation (WorkstationType_ID, Designation) VALUES ('G9274', 'Glass trimming');

INSERT INTO Operation (Operation_ID, Designation, Type_WorkstationWorkstationType_ID) VALUES ('5647', 'Disc cutting', 'A4578');
INSERT INTO Operation (Operation_ID, Designation, Type_WorkstationWorkstationType_ID) VALUES ('5647', 'Disc cutting', 'A4588');
INSERT INTO Operation (Operation_ID, Designation, Type_WorkstationWorkstationType_ID) VALUES ('5647', 'Disc cutting', 'A4598');
INSERT INTO Operation (Operation_ID, Designation, Type_WorkstationWorkstationType_ID) VALUES ('5649', 'Initial pot base pressing', 'A4588');
INSERT INTO Operation (Operation_ID, Designation, Type_WorkstationWorkstationType_ID) VALUES ('5649', 'Initial pot base pressing', 'A4598');
INSERT INTO Operation (Operation_ID, Designation, Type_WorkstationWorkstationType_ID) VALUES ('5651', 'Final pot base pressing', 'A4588');
INSERT INTO Operation (Operation_ID, Designation, Type_WorkstationWorkstationType_ID) VALUES ('5651', 'Final pot base pressing', 'A4598');
INSERT INTO Operation (Operation_ID, Designation, Type_WorkstationWorkstationType_ID) VALUES ('5653', 'Pot base finishing', 'C5637');
INSERT INTO Operation (Operation_ID, Designation, Type_WorkstationWorkstationType_ID) VALUES ('5655', 'Lid pressing', 'A4588');
INSERT INTO Operation (Operation_ID, Designation, Type_WorkstationWorkstationType_ID) VALUES ('5655', 'Lid pressing', 'A4598');
INSERT INTO Operation (Operation_ID, Designation, Type_WorkstationWorkstationType_ID) VALUES ('5657', 'Lid finishing', 'C5637');
INSERT INTO Operation (Operation_ID, Designation, Type_WorkstationWorkstationType_ID) VALUES ('5659', 'Pot handles riveting', 'S3271');
INSERT INTO Operation (Operation_ID, Designation, Type_WorkstationWorkstationType_ID) VALUES ('5661', 'Lid handle screw', 'T3452');
INSERT INTO Operation (Operation_ID, Designation, Type_WorkstationWorkstationType_ID) VALUES ('5663', 'Pot test and packaging', 'K3675');
INSERT INTO Operation (Operation_ID, Designation, Type_WorkstationWorkstationType_ID) VALUES ('5665', 'Handle welding', 'D9123');
INSERT INTO Operation (Operation_ID, Designation, Type_WorkstationWorkstationType_ID) VALUES ('5667', 'Lid polishing', 'Q3547');
INSERT INTO Operation (Operation_ID, Designation, Type_WorkstationWorkstationType_ID) VALUES ('5669', 'Pot base polishing', 'Q3547');
INSERT INTO Operation (Operation_ID, Designation, Type_WorkstationWorkstationType_ID) VALUES ('5671', 'Teflon painting', 'Q5478');
INSERT INTO Operation (Operation_ID, Designation, Type_WorkstationWorkstationType_ID) VALUES ('5681', 'Initial pan base pressing', 'A4588');
INSERT INTO Operation (Operation_ID, Designation, Type_WorkstationWorkstationType_ID) VALUES ('5681', 'Initial pan base pressing', 'A4598');
INSERT INTO Operation (Operation_ID, Designation, Type_WorkstationWorkstationType_ID) VALUES ('5682', 'Final pan base pressing', 'A4588');
INSERT INTO Operation (Operation_ID, Designation, Type_WorkstationWorkstationType_ID) VALUES ('5682', 'Final pan base pressing', 'A4598');
INSERT INTO Operation (Operation_ID, Designation, Type_WorkstationWorkstationType_ID) VALUES ('5683', 'Pan base finishing', 'C5637');
INSERT INTO Operation (Operation_ID, Designation, Type_WorkstationWorkstationType_ID) VALUES ('5665', 'Handle welding', 'D9123');
INSERT INTO Operation (Operation_ID, Designation, Type_WorkstationWorkstationType_ID) VALUES ('5688', 'Pan test and packaging', 'K3675');

INSERT INTO Workstation (Workstation_ID, Name, Description, Type_WorkstationWorkstationType_ID) VALUES ('9875', 'Press 01', '220-630t cold forging press', 'A4578');
INSERT INTO Workstation (Workstation_ID, Name, Description, Type_WorkstationWorkstationType_ID) VALUES ('9886', 'Press 02', '220-630t cold forging press', 'A4578');
INSERT INTO Workstation (Workstation_ID, Name, Description, Type_WorkstationWorkstationType_ID) VALUES ('9847', 'Press 03', '220-630t precision cold forging press', 'A4588');
INSERT INTO Workstation (Workstation_ID, Name, Description, Type_WorkstationWorkstationType_ID) VALUES ('9855', 'Press 04', '160-1000t precison cold forging press', 'A4588');
INSERT INTO Workstation (Workstation_ID, Name, Description, Type_WorkstationWorkstationType_ID) VALUES ('8541', 'Rivet 02', 'Rivet station', 'S3271');
INSERT INTO Workstation (Workstation_ID, Name, Description, Type_WorkstationWorkstationType_ID) VALUES ('8543', 'Rivet 03', 'Rivet station', 'S3271');
INSERT INTO Workstation (Workstation_ID, Name, Description, Type_WorkstationWorkstationType_ID) VALUES ('6814', 'Packaging 01', 'Packaging station', 'K3675');
INSERT INTO Workstation (Workstation_ID, Name, Description, Type_WorkstationWorkstationType_ID) VALUES ('6815', 'Packaging 02', 'Packaging station', 'K3675');
INSERT INTO Workstation (Workstation_ID, Name, Description, Type_WorkstationWorkstationType_ID) VALUES ('6816', 'Packaging 03', 'Packaging station', 'K3675');
INSERT INTO Workstation (Workstation_ID, Name, Description, Type_WorkstationWorkstationType_ID) VALUES ('6821', 'Packaging 04', 'Packaging station', 'K3675');
INSERT INTO Workstation (Workstation_ID, Name, Description, Type_WorkstationWorkstationType_ID) VALUES ('6822', 'Packaging 05', 'Packaging station', 'K3676');
INSERT INTO Workstation (Workstation_ID, Name, Description, Type_WorkstationWorkstationType_ID) VALUES ('8167', 'Welding 01', 'Spot welding staion', 'D9123');
INSERT INTO Workstation (Workstation_ID, Name, Description, Type_WorkstationWorkstationType_ID) VALUES ('8170', 'Welding 02', 'Spot welding staion', 'D9123');
INSERT INTO Workstation (Workstation_ID, Name, Description, Type_WorkstationWorkstationType_ID) VALUES ('8171', 'Welding 03', 'Spot welding staion', 'D9123');
INSERT INTO Workstation (Workstation_ID, Name, Description, Type_WorkstationWorkstationType_ID) VALUES ('7235', 'Assembly 01', 'Product assembly station', 'T3452');
INSERT INTO Workstation (Workstation_ID, Name, Description, Type_WorkstationWorkstationType_ID) VALUES ('7236', 'Assembly 02', 'Product assembly station', 'T3452');
INSERT INTO Workstation (Workstation_ID, Name, Description, Type_WorkstationWorkstationType_ID) VALUES ('7238', 'Assembly 03', 'Product assembly station', 'T3452');
INSERT INTO Workstation (Workstation_ID, Name, Description, Type_WorkstationWorkstationType_ID) VALUES ('5124', 'Trimming 01', 'Metal trimming station', 'C5637');
INSERT INTO Workstation (Workstation_ID, Name, Description, Type_WorkstationWorkstationType_ID) VALUES ('4123', 'Polishing 01', 'Metal polishing station', 'Q3547');
INSERT INTO Workstation (Workstation_ID, Name, Description, Type_WorkstationWorkstationType_ID) VALUES ('4124', 'Polishing 02', 'Metal polishing station', 'Q3547');
INSERT INTO Workstation (Workstation_ID, Name, Description, Type_WorkstationWorkstationType_ID) VALUES ('4125', 'Polishing 03', 'Metal polishing station', 'Q3547');
